{
  "_fv": 57,
  "_type": "tag",
  "definition": {
    "type": "Items",
    "items": [
      {
        "value": "CUSTOM:StoneChips"
      },
      {
        "value": "CUSTOM:FlintChips"
      },
      {
        "value": "CUSTOM:GravelChips"
      },
      {
        "value": "CUSTOM:SandChips"
      },
      {
        "value": "CUSTOM:DustChips"
      },
      {
        "value": "CUSTOM:DirtChips"
      },
      {
        "value": "CUSTOM:NetherrackChips"
      },
      {
        "value": "CUSTOM:EndChips"
      },
      {
        "value": "CUSTOM:DeepslateChips"
      },
      {
        "value": "CUSTOM:BlackstoneChips"
      }
    ],
    "blocks": [],
    "functions": [],
    "entities": [],
    "biomes": [],
    "damageTypes": [],
    "name": "chips",
    "namespace": "mod"
  }
}