{
  "_fv": 57,
  "_type": "gui",
  "definition": {
    "type": 1,
    "width": 176,
    "height": 166,
    "inventoryOffsetX": 0,
    "inventoryOffsetY": 0,
    "renderBgLayer": true,
    "doesPauseGame": false,
    "components": [
      {
        "type": "outputslot",
        "data": {
          "id": 0,
          "disablePickup": {
            "fixedValue": false
          },
          "dropItemsWhenNotBound": true,
          "x": 204,
          "y": 62
        }
      },
      {
        "type": "label",
        "data": {
          "name": "label_gong_zuo_zhong_de_ji_qi",
          "text": {
            "fixedValue": "工作中的机器"
          },
          "color": {
            "value": -12829636,
            "falpha": 0.0
          },
          "x": 186,
          "y": 44
        }
      },
      {
        "type": "image",
        "data": {
          "image": "dirtt.png",
          "use1Xscale": true,
          "x": 186,
          "y": 63
        }
      },
      {
        "type": "image",
        "data": {
          "image": "dirt1.png",
          "use1Xscale": true,
          "displayCondition": {
            "name": "CobblesOne"
          },
          "x": 186,
          "y": 63
        }
      },
      {
        "type": "image",
        "data": {
          "image": "dirt2.png",
          "use1Xscale": true,
          "displayCondition": {
            "name": "CobblesTwo"
          },
          "x": 186,
          "y": 63
        }
      },
      {
        "type": "image",
        "data": {
          "image": "dirt3.png",
          "use1Xscale": true,
          "displayCondition": {
            "name": "CobblesThree"
          },
          "x": 186,
          "y": 63
        }
      },
      {
        "type": "image",
        "data": {
          "image": "dirt4.png",
          "use1Xscale": true,
          "displayCondition": {
            "name": "CobblesFour"
          },
          "x": 186,
          "y": 63
        }
      },
      {
        "type": "image",
        "data": {
          "image": "dirt5.png",
          "use1Xscale": true,
          "displayCondition": {
            "name": "CobblesFive"
          },
          "x": 186,
          "y": 63
        }
      },
      {
        "type": "image",
        "data": {
          "image": "dirt6.png",
          "use1Xscale": true,
          "displayCondition": {
            "name": "CobblesSix"
          },
          "x": 186,
          "y": 63
        }
      },
      {
        "type": "image",
        "data": {
          "image": "dirt7.png",
          "use1Xscale": true,
          "displayCondition": {
            "name": "CobblesSeven"
          },
          "x": 186,
          "y": 63
        }
      },
      {
        "type": "label",
        "data": {
          "name": "label_zheng_zai_zhi_zuo_ni_tu",
          "text": {
            "fixedValue": "机器正在制作：泥土"
          },
          "color": {
            "value": -12829636,
            "falpha": 0.0
          },
          "x": 186,
          "y": 89
        }
      }
    ],
    "gridSettings": {
      "sx": 18,
      "sy": 18,
      "ox": 11,
      "oy": 15,
      "snapOnGrid": true
    }
  }
}