{
  "_fv": 57,
  "_type": "tool",
  "definition": {
    "toolType": "MultiTool",
    "renderType": 0,
    "blockingRenderType": 0,
    "texture": "double",
    "customModelName": "Normal",
    "blockingModelName": "Normal blocking",
    "name": "Double Compres Stone Crook",
    "specialInformation": {
      "fixedValue": []
    },
    "creativeTab": {
      "value": "CUSTOM:ExdeorumEx"
    },
    "harvestLevel": 1,
    "efficiency": 4.0,
    "attackSpeed": 1.0,
    "enchantability": 2,
    "damageVsEntity": 4.0,
    "usageCount": 1024,
    "blocksAffected": [
      {
        "value": "Blocks.LEAVES"
      }
    ],
    "glowCondition": {
      "fixedValue": false
    },
    "repairItems": [],
    "immuneToFire": false,
    "stayInGridWhenCrafting": false,
    "damageOnCrafting": false
  }
}