{
  "_fv": 57,
  "_type": "tag",
  "definition": {
    "type": "Items",
    "items": [
      {
        "value": "CUSTOM:WoodenCompressHammer"
      },
      {
        "value": "CUSTOM:SteelHammer"
      },
      {
        "value": "CUSTOM:StoneCompressHammer"
      },
      {
        "value": "CUSTOM:IronCompressHammer"
      },
      {
        "value": "CUSTOM:GoldenCompressHammer"
      },
      {
        "value": "CUSTOM:DiamonCompressHammer"
      },
      {
        "value": "CUSTOM:DobleDiamonCompressHammer"
      },
      {
        "value": "CUSTOM:NetheriteCompressHammer"
      },
      {
        "value": "CUSTOM:DoubleNetheriteCompressHammer"
      }
    ],
    "blocks": [],
    "functions": [],
    "entities": [],
    "biomes": [],
    "damageTypes": [],
    "name": "hammers",
    "namespace": "exdeorum"
  }
}