{
  "_fv": 57,
  "_type": "tag",
  "definition": {
    "type": "Items",
    "items": [
      {
        "value": "Items.WHEAT_SEEDS"
      },
      {
        "value": "Items.PUMPKIN_SEEDS"
      },
      {
        "value": "Items.TORCHFLOWER_SEEDS"
      },
      {
        "value": "Items.MELON_SEEDS"
      },
      {
        "value": "Items.BEETROOT_SEEDS"
      }
    ],
    "blocks": [],
    "functions": [],
    "entities": [],
    "biomes": [],
    "damageTypes": [],
    "name": "seeds",
    "namespace": "forge"
  }
}