{
  "_fv": 57,
  "_type": "tool",
  "definition": {
    "toolType": "MultiTool",
    "renderType": 0,
    "blockingRenderType": 0,
    "texture": "compressed_hammer_stone",
    "customModelName": "Normal",
    "blockingModelName": "Normal blocking",
    "name": "Stone Compress Hammer",
    "specialInformation": {
      "fixedValue": []
    },
    "creativeTab": {
      "value": "CUSTOM:ExdeorumEx"
    },
    "harvestLevel": 1,
    "efficiency": 5.0,
    "attackSpeed": 1.0,
    "enchantability": 2,
    "damageVsEntity": 4.0,
    "usageCount": 1170,
    "blocksAffected": [
      {
        "value": "CUSTOM:CompressDirt"
      },
      {
        "value": "CUSTOM:CompressGravel"
      },
      {
        "value": "CUSTOM:CompressSand"
      },
      {
        "value": "CUSTOM:CompressDust"
      },
      {
        "value": "CUSTOM:CompressCrushedNetherrack"
      },
      {
        "value": "CUSTOM:CompressCrushedEndStone"
      },
      {
        "value": "CUSTOM:CompressCrushedDeepslate"
      },
      {
        "value": "CUSTOM:CompressCrushedBlackstone"
      },
      {
        "value": "CUSTOM:CompressLeaves"
      }
    ],
    "glowCondition": {
      "fixedValue": false
    },
    "repairItems": [],
    "immuneToFire": false,
    "stayInGridWhenCrafting": false,
    "damageOnCrafting": false
  }
}