{
  "_fv": 57,
  "_type": "tool",
  "definition": {
    "toolType": "Shears",
    "renderType": 0,
    "blockingRenderType": 0,
    "texture": "comshear",
    "customModelName": "Normal",
    "blockingModelName": "Normal blocking",
    "name": "Wooden Shears",
    "specialInformation": {
      "fixedValue": []
    },
    "creativeTab": {
      "value": "CUSTOM:ExdeorumEx"
    },
    "harvestLevel": 1,
    "efficiency": 4.0,
    "attackSpeed": 1.0,
    "enchantability": 2,
    "damageVsEntity": 4.0,
    "usageCount": 64,
    "blocksAffected": [],
    "glowCondition": {
      "fixedValue": false
    },
    "repairItems": [],
    "immuneToFire": false,
    "stayInGridWhenCrafting": false,
    "damageOnCrafting": false
  }
}